source_institution_code,source_course_code,source_course_title,source_credits,target_institution_code,target_course_code,target_course_title,target_credits,equivalency_type,minimum_grade,catalog_year_start,catalog_year_end,status,source_reference,notes
BMCC,MAT 301,Analytic Geometry and Calculus I,4,CCNY,MATH 20100,Calculus I,4,direct,D,2022-2023,,approved,https://explorer.cuny.edu/course-transfer/053760/1,Verified in CUNY Transfer Explorer
BMCC,MAT 302,Analytic Geometry and Calculus II,4,CCNY,MATH 21200,Calculus II with Introduction to Multivariable Functions,4,direct,D,2022-2023,,approved,https://explorer.cuny.edu/course-transfer/088858/1,Verified in CUNY Transfer Explorer
BMCC,PHY 215,University Physics I,4,CCNY,PHYS 20700,University Physics I,4,direct,D,2022-2023,,approved,https://explorer.cuny.edu/course-transfer/055559/1,Verified in CUNY Transfer Explorer
BMCC,ENG 101,English Composition,3,CCNY,ENGL 11000,Freshman Composition,3,direct,D,2022-2023,,approved,https://explorer.cuny.edu/course-transfer/109932/1,Verified in CUNY Transfer Explorer
BMCC,SPE 100,Fundamentals of Public Speaking,3,CCNY,SPCH 11100,Foundations of Speech Communication,3,direct,D,2022-2023,,approved,https://explorer.cuny.edu/course-transfer/057640/1,Verified in CUNY Transfer Explorer
BMCC,CSC 111 + CSC 211,Introduction to Programming plus Advanced Programming Techniques,7,CCNY,CSC 10300,Introduction to Computing for Majors,3,combination,D,2022-2023,,approved,https://explorer.cuny.edu/receiving-course/045516/1,Both BMCC courses are required; do not award this equivalency for CSC 111 alone
BMCC,CSC 215,Fundamentals of Computer Systems,3,CCNY,CSC 21100,Fundamentals of Computer Systems,3,direct,D,2022-2023,,approved,https://explorer.cuny.edu/receiving-course/045534/1,Verified in CUNY Transfer Explorer
BMCC,CSC 231,Discrete Structures and Applications to Computer Science,4,CCNY,CSC 10400,Discrete Mathematical Structures I,4,direct,D,2022-2023,,approved,https://explorer.cuny.edu/course-transfer/133744/1,Verified in CUNY Transfer Explorer
BMCC,CSC 331,Data Structures,3,CCNY,CSC 21200,Data Structures,3,direct,D,2022-2023,,approved,https://explorer.cuny.edu/course-transfer/133745/1,Verified in CUNY Transfer Explorer
